archivo_actual,pagina,escena,nombre_nuevo,alt_EN,alt_ES
/media/rioja.webp,/experiences/rioja-wine-tour-from-bilbao/,Por confirmar con material definitivo,,,
/media/gallery-laguardia.webp,/experiences/rioja-wine-tour-from-bilbao/,Por confirmar con material definitivo,,,
/media/gallery-haro.webp,/experiences/rioja-wine-tour-from-bilbao/,Por confirmar con material definitivo,,,
/media/gaztelugatxe.webp,/experiences/gaztelugatxe-mundaka-gernika-tour/,Por confirmar con material definitivo,,,
/media/gallery-mundaka.webp,/experiences/gaztelugatxe-mundaka-gernika-tour/,Por confirmar con material definitivo,,,
/media/gallery-gernika.webp,/experiences/gaztelugatxe-mundaka-gernika-tour/,Por confirmar con material definitivo,,,
/media/bilbao.webp,/experiences/private-bilbao-city-tour-guggenheim/,Por confirmar con material definitivo,,,
/media/gallery-arriaga.webp,/experiences/private-bilbao-city-tour-guggenheim/,Por confirmar con material definitivo,,,
/media/gallery-ribera.webp,/experiences/private-bilbao-city-tour-guggenheim/,Por confirmar con material definitivo,,,
,/experiences/san-sebastian-getaria-tour-from-bilbao/,Por confirmar con material definitivo,,,
/media/pintxos.webp,/experiences/private-bilbao-pintxos-tour/,Por confirmar con material definitivo,,,
/media/gallery-casco-viejo.webp,/experiences/private-bilbao-pintxos-tour/,Por confirmar con material definitivo,,,
/media/gallery-bar-bilbao.webp,/experiences/private-bilbao-pintxos-tour/,Por confirmar con material definitivo,,,
/media/gallery-siete-calles.webp,/experiences/private-bilbao-pintxos-tour/,Por confirmar con material definitivo,,,
/media/grupo.webp,/ — The GOXO Way,Por confirmar con Endika,,,
/media/gallery-casco-viejo.webp,/ — The GOXO Way,Por confirmar con Endika,,,
/media/pintxos.webp,/ — The GOXO Way,Por confirmar con Endika,,,
/media/bilbao.webp,/ — The GOXO Way,Por confirmar con Endika,,,
/media/endika.webp,/ — The GOXO Way,Por confirmar con Endika,,,
/media/endika.webp,/ y /about/,Presentación de Endika,,,
/media/bilbao-local-guide.webp,/experiences/private-bilbao-city-tour-guggenheim/,Endika guiando en el Casco Viejo — foto oficial compartida en Drive,Bilbao Old Town tour.jpg,,
/media/san-sebastian-reference.webp,/experiences/san-sebastian-getaria-tour-from-bilbao/,La Concha — referencia provisional CC0 de Zarateman,san-sebastian-reference.webp,La Concha beach and Mount Urgull in San Sebastián,Playa de La Concha y monte Urgull en San Sebastián
